device,impl,dtype,N,passes,kernel_ms,kernel_time_s,bw_gib,pct_peak_bw,total_bytes,qc_pass,energy_J,power_W,qc_status,units,peak_bw_ref,cpu_name,gpu_name,driver_version
GPU,custom,float32,536870912,500,1420.1558837890625,1.4201558837890624,704.148052629222,80.7509234666539,1073741824000,True,466.5779999999795,327.09098861800186,QC_PASS,GiB,872.0,AMD Ryzen Threadripper 3970X 32-Core Processor,NVIDIA GeForce RTX 3090,570.172.08
GPU,custom,float32,536870912,500,1632.76318359375,1.63276318359375,612.4586896912856,70.23608826734926,1073741824000,True,1118.3250000001863,178.25240594298532,QC_PASS,GiB,872.0,AMD Ryzen Threadripper 3970X 32-Core Processor,NVIDIA GeForce RTX 3090,570.172.08
